{
	"info": {
		"_postman_id": "031f57b9-139a-47a1-afbd-0d934076e4d4",
		"name": "TestHash",
		"schema": "https://schema.getpostman.com/json/collection/v2.1.0/collection.json"
	},
	"item": [
		{
			"name": "verify hash",
			"request": {
				"method": "POST",
				"header": [],
				"body": {
					"mode": "raw",
					"raw": "{\r\n    \"pass\":\"Test2Pass234\",\r\n    \"hash\":\"JQRFu6aeWV/Z+bLP5RD48qLj/Ia+tqJJ/UGvcmu/ZeiQ6fT/6iPex7zWL+ImgYCi4EdFcITzaHqHnXZ5vGeeAA==\",\r\n    \"salt\":\"mcnPvf9P9L8vYQ==\"\r\n}",
					"options": {
						"raw": {
							"language": "json"
						}
					}
				},
				"url": {
					"raw": "http://localhost:3000/checkHash",
					"protocol": "http",
					"host": [
						"localhost"
					],
					"port": "3000",
					"path": [
						"checkHash"
					]
				}
			},
			"response": []
		}
	]
}